i;centreX;centreY;roueGaucheX;roueGaucheY;roueDroiteX;roueDroiteY;orientation;
-1;0;0;-50;0;50;0;0.000000;
0;0;0;49;1;-49;-1;-0.031416;
1;3;0;52;1;-46;-1;-0.031416;
2;3;0;52;3;-46;-3;-0.062832;
3;6;0;55;3;-43;-3;-0.062832;
4;7;0;56;1;-42;-1;-0.031416;
5;8;0;57;1;-41;-1;-0.031416;
6;9;0;58;1;-40;-1;-0.031416;
7;9;0;58;1;-40;-1;-0.031416;
8;10;0;59;3;-39;-3;-0.062832;
9;11;0;60;6;-38;-6;-0.125664;
10;14;0;63;6;-35;-6;-0.125664;
11;17;0;66;1;-32;-1;-0.031416;
12;20;0;70;0;-30;0;0.000000;
13;20;0;70;0;-30;0;0.000000;
14;23;0;72;-1;-26;1;0.031416;
15;26;0;75;1;-23;-1;-0.031416;
16;29;0;78;-1;-20;1;0.031416;
17;32;0;82;0;-18;0;0.000000;
18;35;0;84;1;-14;-1;-0.031416;
19;38;0;87;3;-11;-3;-0.062832;
20;39;0;88;1;-10;-1;-0.031416;
21;40;0;89;3;-9;-3;-0.062832;
22;41;0;91;0;-9;0;0.000000;
23;42;0;91;-1;-7;1;0.031416;
24;43;0;93;0;-7;0;0.000000;
25;46;0;95;1;-3;-1;-0.031416;
26;47;0;97;0;-3;0;0.000000;
27;50;0;99;-3;0;3;0.062832;
28;51;0;100;-7;1;7;0.157079;
29;52;0;101;-4;2;4;0.094248;
30;55;0;104;-3;5;3;0.062832;
31;56;0;105;1;6;-1;-0.031416;
32;57;0;106;3;7;-3;-0.062832;
33;57;0;106;1;7;-1;-0.031416;
34;58;0;107;-1;8;1;0.031416;
35;61;0;110;-4;11;4;0.094248;
36;61;0;110;-6;11;6;0.125664;
37;61;0;110;-4;11;4;0.094248;
38;62;0;111;-6;12;6;0.125664;
39;66;0;115;-4;16;4;0.094248;
40;66;0;115;-3;16;3;0.062832;
41;67;0;116;-1;17;1;0.031416;
42;70;0;119;-4;20;4;0.094248;
43;73;0;122;-7;23;7;0.157079;
44;74;0;123;-7;24;7;0.157079;
45;77;0;126;-7;27;7;0.157079;
46;77;0;126;-6;27;6;0.125664;
47;80;0;129;-7;30;7;0.157079;
48;81;0;130;-4;31;4;0.094248;
49;84;0;133;-3;34;3;0.062832;
50;85;0;134;1;35;-1;-0.031416;
51;88;0;137;4;38;-4;-0.094248;
52;92;0;141;4;42;-4;-0.094248;
53;95;0;144;7;45;-7;-0.157080;
54;98;0;147;7;48;-7;-0.157080;
55;101;0;149;10;52;-10;-0.219911;
56;104;0;152;10;55;-10;-0.219911;
57;107;0;154;15;59;-15;-0.314159;
58;107;0;155;13;58;-13;-0.282743;
59;108;0;155;15;60;-15;-0.314159;
60;109;0;156;16;61;-16;-0.345575;
61;113;-1;160;15;65;-17;-0.345575;
62;113;-1;159;17;66;-19;-0.376991;
63;115;-2;160;19;69;-23;-0.439823;
64;116;-2;161;17;70;-21;-0.408407;
65;120;-3;165;16;74;-22;-0.408407;
66;120;-3;165;18;74;-24;-0.439823;
67;122;-4;168;14;75;-22;-0.376991;
68;122;-4;168;14;75;-22;-0.376991;
69;124;-5;171;11;76;-21;-0.345575;
70;125;-5;170;16;79;-26;-0.439823;
71;126;-5;171;14;80;-24;-0.408407;
72;130;-6;176;12;83;-24;-0.376991;
73;130;-6;175;13;84;-25;-0.408407;
74;131;-6;175;16;86;-28;-0.471238;
75;133;-7;176;17;89;-31;-0.502654;
76;135;-8;178;16;91;-32;-0.502654;
77;136;-8;181;13;90;-29;-0.439823;
78;136;-8;181;13;90;-29;-0.439823;
79;138;-9;184;9;91;-27;-0.376991;
80;139;-9;186;7;91;-25;-0.345575;
81;141;-10;188;5;93;-25;-0.314159;
82;141;-10;188;5;93;-25;-0.314159;
83;142;-10;189;6;94;-26;-0.345575;
84;143;-10;190;6;95;-26;-0.345575;
85;143;-10;189;8;96;-28;-0.376991;
86;144;-10;189;9;98;-29;-0.408407;
87;146;-11;191;10;100;-32;-0.439823;
88;147;-11;194;5;99;-27;-0.345575;
89;147;-11;193;7;100;-29;-0.376991;
90;148;-11;195;4;100;-26;-0.314159;
91;148;-11;195;5;100;-27;-0.345575;
92;152;-12;199;4;104;-28;-0.345575;
93;152;-12;199;3;104;-27;-0.314159;
94;153;-12;200;3;105;-27;-0.314159;
95;153;-12;201;1;104;-25;-0.282743;
96;154;-12;201;3;106;-27;-0.314159;
97;155;-12;201;6;108;-30;-0.376991;
98;157;-13;202;6;111;-32;-0.408407;
99;159;-14;203;8;114;-36;-0.471239;
100;160;-14;204;8;115;-36;-0.471239;
101;162;-15;205;9;118;-39;-0.502654;
102;163;-15;206;9;119;-39;-0.502654;
103;164;-15;208;7;119;-37;-0.471239;
104;164;-15;209;6;118;-36;-0.439823;
105;166;-16;211;5;120;-37;-0.439823;
106;167;-16;212;5;121;-37;-0.439823;
107;168;-16;214;2;121;-34;-0.376991;
108;170;-17;217;-1;122;-32;-0.314159;
109;171;-17;217;1;124;-35;-0.376991;
110;173;-18;220;-1;125;-34;-0.345575;
111;174;-18;221;-2;126;-33;-0.314159;
112;174;-18;221;-1;126;-34;-0.345575;
113;174;-18;221;-2;126;-33;-0.314159;
114;175;-18;222;-1;127;-34;-0.345575;
115;176;-18;223;-2;128;-33;-0.314159;
116;177;-18;224;-1;129;-34;-0.345575;
117;178;-18;226;-4;129;-31;-0.282743;
118;179;-18;226;-2;131;-33;-0.314159;
119;181;-18;227;0;134;-36;-0.376991;
120;182;-18;229;-1;134;-34;-0.345575;
121;183;-18;230;-1;135;-34;-0.345575;
122;184;-18;232;-4;135;-31;-0.282743;
123;185;-18;232;-1;137;-34;-0.345575;
124;187;-19;234;-3;139;-34;-0.314159;
125;189;-19;235;0;142;-37;-0.376991;
126;190;-19;236;0;143;-37;-0.376991;
127;194;-20;240;-1;147;-38;-0.376991;
128;195;-20;242;-4;147;-35;-0.314159;
129;196;-20;244;-7;147;-32;-0.251327;
130;199;-20;247;-7;150;-32;-0.251327;
131;200;-20;248;-9;151;-30;-0.219911;
132;201;-20;250;-10;151;-29;-0.188495;
133;202;-20;251;-10;152;-29;-0.188495;
134;205;-20;253;-7;156;-32;-0.251327;
135;205;-20;253;-9;156;-30;-0.219911;
136;206;-20;254;-9;157;-30;-0.219911;
137;207;-20;255;-9;158;-30;-0.219911;
138;210;-20;259;-10;160;-29;-0.188495;
139;211;-20;259;-7;162;-32;-0.251327;
140;212;-20;260;-6;163;-33;-0.282743;
141;213;-20;259;-1;166;-38;-0.376991;
142;214;-20;258;2;169;-42;-0.471239;
143;218;-22;262;0;173;-44;-0.471239;
144;222;-24;266;-1;177;-46;-0.471239;
145;223;-24;268;-2;177;-45;-0.439823;
146;224;-24;268;-1;179;-46;-0.471239;
147;226;-25;269;0;182;-49;-0.502654;
148;227;-25;271;-2;182;-47;-0.471239;
149;228;-25;271;0;184;-49;-0.502654;
150;230;-26;272;0;187;-52;-0.565486;
151;232;-27;275;-1;188;-52;-0.534070;
152;233;-27;276;-1;189;-52;-0.534070;
153;234;-27;276;0;191;-53;-0.565486;
154;235;-27;277;0;192;-53;-0.565486;
155;238;-29;278;0;197;-58;-0.628318;
156;240;-30;281;-1;198;-58;-0.596902;
157;243;-32;284;-3;201;-60;-0.596902;
158;244;-32;284;-2;203;-61;-0.628318;
159;245;-32;288;-6;201;-57;-0.534070;
160;245;-32;288;-6;201;-57;-0.534070;
161;247;-33;291;-10;202;-55;-0.471239;
162;248;-33;290;-6;205;-59;-0.565486;
163;250;-34;292;-7;207;-60;-0.565486;
164;252;-35;292;-5;211;-64;-0.628318;
165;254;-36;294;-6;213;-65;-0.628318;
166;255;-36;293;-4;216;-67;-0.691150;
167;257;-38;295;-6;218;-69;-0.691150;
168;258;-39;295;-5;220;-72;-0.722566;
169;260;-41;295;-5;224;-76;-0.785398;
170;260;-41;296;-6;223;-75;-0.753982;
171;262;-43;299;-9;224;-76;-0.722566;
172;264;-45;300;-10;227;-79;-0.753982;
173;265;-46;302;-12;227;-79;-0.722566;
174;266;-47;303;-13;228;-80;-0.722566;
175;266;-47;304;-15;227;-78;-0.691150;
176;268;-49;305;-15;230;-82;-0.722566;
177;269;-50;307;-18;230;-81;-0.691150;
178;270;-51;310;-21;229;-80;-0.628318;
179;271;-51;309;-19;232;-82;-0.691150;
180;273;-53;314;-24;231;-81;-0.596902;
181;273;-53;313;-23;232;-82;-0.628318;
182;275;-54;317;-27;232;-80;-0.565486;
183;277;-55;317;-25;236;-84;-0.628318;
184;278;-55;317;-24;238;-85;-0.659734;
185;280;-56;319;-25;240;-86;-0.659734;
186;282;-57;321;-26;242;-87;-0.659734;
187;284;-58;322;-26;245;-89;-0.691150;
188;286;-60;324;-28;247;-91;-0.691150;
189;286;-60;325;-29;246;-90;-0.659734;
190;286;-60;325;-29;246;-90;-0.659734;
191;287;-60;324;-26;249;-93;-0.722566;
192;288;-61;322;-24;253;-97;-0.816814;
193;289;-62;323;-25;254;-98;-0.816814;
194;290;-63;325;-27;254;-98;-0.785398;
195;291;-64;329;-32;252;-95;-0.691150;
196;291;-64;330;-33;251;-94;-0.659734;
197;293;-65;331;-33;254;-96;-0.691150;
198;295;-67;332;-33;257;-100;-0.722566;
199;296;-68;334;-36;257;-99;-0.691150;
200;297;-69;337;-39;256;-98;-0.628318;
201;298;-69;337;-38;258;-99;-0.659734;
202;298;-69;338;-39;257;-98;-0.628318;
203;299;-69;341;-42;256;-95;-0.565486;
204;299;-69;341;-42;256;-95;-0.565486;
205;299;-69;342;-43;255;-94;-0.534070;
206;300;-69;343;-43;256;-94;-0.534070;
207;302;-70;345;-44;258;-95;-0.534070;
208;304;-71;345;-42;262;-99;-0.596902;
209;305;-71;345;-41;264;-100;-0.628318;
210;306;-71;347;-42;264;-99;-0.596902;
211;307;-71;350;-46;263;-95;-0.502655;
212;308;-71;352;-48;263;-93;-0.471239;
213;309;-71;352;-46;265;-95;-0.502655;
214;311;-72;354;-47;267;-96;-0.502655;
215;313;-73;358;-51;267;-94;-0.439823;
216;314;-73;359;-51;268;-94;-0.439823;
217;315;-73;360;-51;269;-94;-0.439823;
218;316;-73;362;-54;269;-91;-0.376991;
219;320;-74;366;-55;273;-92;-0.376991;
220;321;-74;366;-54;275;-93;-0.408407;
221;323;-75;367;-52;278;-97;-0.471239;
222;325;-76;368;-51;281;-100;-0.502655;
223;326;-76;367;-47;284;-104;-0.596902;
224;327;-76;367;-46;286;-105;-0.628318;
225;327;-76;368;-47;285;-104;-0.596902;
226;327;-76;367;-46;286;-105;-0.628318;
227;328;-76;369;-47;286;-104;-0.596902;
228;331;-78;372;-49;289;-106;-0.596902;
229;333;-79;373;-49;292;-108;-0.628318;
230;335;-80;377;-53;292;-106;-0.565486;
231;335;-80;377;-53;292;-106;-0.565486;
232;337;-81;380;-55;293;-106;-0.534070;
233;339;-82;383;-59;294;-104;-0.471239;
234;343;-84;387;-61;298;-106;-0.471239;
235;344;-84;388;-61;299;-106;-0.471239;
236;346;-85;391;-65;300;-104;-0.408407;
237;350;-86;395;-66;304;-105;-0.408407;
238;350;-86;395;-64;304;-107;-0.439823;
239;351;-86;395;-63;306;-108;-0.471239;
240;353;-87;396;-62;309;-111;-0.502655;
241;355;-88;399;-65;310;-110;-0.471239;
242;355;-88;400;-66;309;-109;-0.439823;
243;357;-89;401;-66;312;-111;-0.471239;
244;358;-89;401;-63;314;-114;-0.534070;
245;359;-89;403;-66;314;-111;-0.471239;
246;361;-90;404;-65;317;-114;-0.502655;
247;362;-90;406;-67;317;-112;-0.471239;
248;364;-91;409;-71;318;-110;-0.408407;
249;364;-91;409;-69;318;-112;-0.439823;
250;365;-91;409;-68;320;-113;-0.471239;
251;367;-92;412;-72;321;-111;-0.408407;
252;367;-92;412;-72;321;-111;-0.408407;
253;368;-92;413;-72;322;-111;-0.408407;
254;369;-92;414;-70;323;-113;-0.439823;
255;370;-92;415;-70;324;-113;-0.439823;
256;371;-92;417;-73;324;-110;-0.376991;
257;372;-92;419;-76;324;-107;-0.314159;
258;374;-92;421;-75;326;-108;-0.345575;
259;378;-93;425;-76;330;-109;-0.345575;
260;379;-93;425;-74;332;-111;-0.376991;
261;383;-94;429;-75;336;-112;-0.376991;
262;385;-95;432;-78;337;-111;-0.345575;
263;386;-95;433;-78;338;-111;-0.345575;
264;387;-95;432;-75;341;-114;-0.408407;
265;389;-96;434;-74;343;-117;-0.439823;
266;391;-97;436;-75;345;-118;-0.439823;
267;393;-98;436;-73;349;-122;-0.502655;
268;395;-99;438;-73;351;-124;-0.534070;
269;396;-99;439;-74;352;-123;-0.502655;
270;398;-100;441;-75;354;-124;-0.502655;
271;400;-101;445;-79;354;-122;-0.439823;
272;400;-101;445;-79;354;-122;-0.439823;
273;402;-102;447;-80;356;-123;-0.439823;
274;403;-102;449;-83;356;-120;-0.376991;
275;407;-103;452;-83;361;-122;-0.408407;
276;408;-103;455;-86;360;-119;-0.345575;
277;409;-103;457;-90;360;-115;-0.251327;
278;412;-103;460;-92;363;-113;-0.219912;
279;413;-103;462;-93;363;-112;-0.188496;
280;413;-103;462;-93;363;-112;-0.188496;
281;414;-103;463;-93;364;-112;-0.188496;
282;415;-103;463;-89;366;-116;-0.282743;
283;418;-103;465;-86;370;-119;-0.345575;
284;419;-103;466;-87;371;-118;-0.314159;
285;421;-103;468;-86;373;-119;-0.345575;
286;422;-103;469;-87;374;-118;-0.314159;
287;423;-103;469;-84;376;-121;-0.376991;
288;425;-104;472;-88;377;-119;-0.314159;
289;426;-104;473;-88;378;-119;-0.314159;
290;427;-104;474;-87;379;-120;-0.345575;
291;429;-105;476;-88;381;-121;-0.345575;
292;431;-106;478;-90;383;-121;-0.314159;
293;432;-106;479;-90;384;-121;-0.314159;
294;433;-106;481;-93;384;-118;-0.251327;
295;436;-106;485;-96;386;-115;-0.188496;
296;437;-106;486;-99;387;-112;-0.125664;
297;437;-106;486;-101;387;-110;-0.094248;
298;440;-106;489;-104;390;-107;-0.031416;
299;441;-106;490;-109;391;-102;0.062832;
300;444;-105;493;-104;394;-105;-0.000000;
301;448;-105;497;-104;398;-105;-0.000000;
302;449;-105;498;-104;399;-105;-0.000000;
303;449;-105;498;-106;399;-103;0.031416;
304;452;-104;501;-108;402;-99;0.094247;
305;455;-103;504;-106;405;-99;0.062832;
306;458;-102;507;-101;408;-102;-0.000000;
307;459;-102;508;-101;409;-102;-0.000000;
308;460;-102;509;-103;410;-100;0.031416;
309;461;-101;510;-105;411;-96;0.094247;
310;464;-100;513;-104;414;-95;0.094247;
311;465;-99;514;-103;415;-94;0.094247;
312;466;-98;515;-99;416;-96;0.031416;
313;467;-97;516;-98;417;-95;0.031416;
314;470;-96;519;-94;420;-97;-0.031416;
315;473;-96;522;-94;423;-97;-0.031416;
316;476;-96;525;-92;426;-99;-0.062832;
317;477;-96;526;-94;427;-97;-0.031416;
318;478;-96;527;-94;428;-97;-0.031416;
319;482;-96;531;-94;432;-97;-0.031416;
320;485;-96;534;-95;435;-96;-0.000000;
321;485;-96;534;-95;435;-96;-0.000000;
322;488;-96;537;-94;438;-97;-0.031416;
323;489;-96;538;-95;439;-96;-0.000000;
324;490;-96;539;-94;440;-97;-0.031416;
325;493;-96;542;-91;443;-100;-0.094248;
326;496;-96;545;-88;446;-103;-0.157080;
327;499;-96;548;-88;449;-103;-0.157080;
328;502;-96;551;-88;452;-103;-0.157080;
329;505;-96;554;-91;455;-100;-0.094248;
330;506;-96;555;-86;456;-105;-0.188496;
331;507;-96;555;-85;458;-106;-0.219912;
332;510;-96;558;-83;461;-108;-0.251327;
333;511;-96;558;-79;463;-112;-0.345575;
334;512;-96;559;-80;464;-111;-0.314159;
335;513;-96;558;-76;467;-115;-0.408407;
336;513;-96;558;-74;467;-117;-0.439823;
337;517;-98;562;-76;471;-119;-0.439823;
338;518;-98;563;-76;472;-119;-0.439823;
339;519;-98;563;-75;474;-120;-0.471239;
340;523;-100;567;-77;478;-122;-0.471239;
341;524;-100;569;-80;478;-119;-0.408407;
342;524;-100;570;-81;477;-118;-0.376991;
343;524;-100;569;-80;478;-119;-0.408407;
344;524;-100;570;-81;477;-118;-0.376991;
345;524;-100;569;-80;478;-119;-0.408407;
346;526;-101;570;-78;481;-123;-0.471239;
347;527;-101;570;-75;483;-126;-0.534071;
348;528;-101;570;-74;485;-127;-0.565486;
349;530;-102;572;-75;487;-128;-0.565486;
350;530;-102;572;-75;487;-128;-0.565486;
351;531;-102;574;-77;487;-126;-0.502655;
352;532;-102;575;-76;488;-127;-0.534070;
353;534;-103;575;-74;492;-131;-0.596902;
354;537;-105;578;-76;495;-133;-0.596902;
355;539;-106;580;-77;497;-134;-0.596902;
356;540;-106;581;-77;498;-134;-0.596902;
357;541;-106;582;-77;499;-134;-0.596902;
358;542;-106;584;-79;499;-132;-0.565486;
359;543;-106;585;-79;500;-132;-0.565486;
360;545;-107;587;-80;502;-133;-0.565486;
361;548;-109;590;-82;505;-135;-0.565486;
362;549;-109;591;-82;506;-135;-0.565486;
363;550;-109;593;-83;506;-134;-0.534071;
364;552;-110;595;-84;508;-135;-0.534071;
365;554;-111;596;-84;511;-137;-0.565486;
366;555;-111;598;-85;511;-136;-0.534071;
367;556;-111;599;-85;512;-136;-0.534071;
368;556;-111;599;-85;512;-136;-0.534071;
369;557;-111;599;-84;514;-137;-0.565486;
370;557;-111;598;-82;515;-139;-0.596902;
371;559;-112;600;-83;517;-140;-0.596902;
372;559;-112;600;-83;517;-140;-0.596902;
373;561;-113;600;-82;521;-143;-0.659734;
374;562;-113;600;-81;523;-144;-0.691150;
375;563;-114;601;-82;524;-145;-0.691150;
376;563;-114;602;-83;523;-144;-0.659734;
377;565;-115;602;-81;527;-148;-0.722566;
378;565;-115;603;-83;526;-146;-0.691150;
379;566;-116;605;-85;526;-146;-0.659734;
380;567;-116;605;-84;528;-147;-0.691150;
381;568;-117;607;-86;528;-147;-0.659734;
382;569;-117;611;-90;526;-143;-0.565486;
383;571;-118;614;-93;527;-142;-0.502655;
384;573;-119;616;-94;529;-143;-0.502655;
385;575;-120;619;-97;530;-142;-0.471239;
386;577;-121;622;-99;531;-142;-0.439823;
387;578;-121;621;-95;534;-146;-0.534071;
388;582;-123;625;-97;538;-148;-0.534071;
389;583;-123;624;-94;541;-151;-0.596902;
390;586;-125;627;-96;544;-153;-0.596902;
391;587;-125;629;-98;544;-151;-0.565486;
392;589;-126;631;-99;546;-152;-0.565486;
393;590;-126;633;-101;546;-150;-0.502655;
394;590;-126;633;-100;546;-151;-0.534071;
395;591;-126;634;-100;547;-151;-0.534071;
396;593;-127;636;-101;549;-152;-0.534071;
397;594;-127;637;-102;550;-151;-0.502655;
398;598;-129;641;-104;554;-153;-0.502655;
399;600;-130;644;-107;555;-152;-0.471239;
400;601;-130;646;-108;555;-151;-0.439823;
401;602;-130;646;-107;557;-152;-0.471239;
402;603;-130;646;-105;559;-154;-0.502655;
403;603;-130;646;-105;559;-154;-0.502655;
404;605;-131;650;-109;559;-152;-0.439823;
405;607;-132;652;-112;561;-151;-0.408407;
406;608;-132;653;-110;562;-153;-0.439823;
407;609;-132;652;-107;565;-156;-0.502655;
408;611;-133;656;-111;565;-154;-0.439823;
409;612;-133;655;-108;568;-157;-0.502655;
410;612;-133;655;-107;568;-158;-0.534071;
411;613;-133;656;-107;569;-158;-0.534071;
412;614;-133;656;-106;571;-159;-0.565486;
413;614;-133;655;-104;572;-161;-0.596902;
414;615;-133;657;-106;572;-159;-0.565486;
415;616;-133;659;-107;572;-158;-0.534071;
416;617;-133;660;-108;573;-157;-0.502655;
417;619;-134;661;-107;576;-160;-0.565486;
418;620;-134;662;-107;577;-160;-0.565486;
419;621;-134;663;-107;578;-160;-0.565486;
420;623;-135;666;-110;579;-159;-0.502655;
421;624;-135;667;-109;580;-160;-0.534071;
422;626;-136;667;-107;584;-164;-0.596902;
423;627;-136;669;-109;584;-162;-0.565486;
424;629;-137;671;-110;586;-163;-0.565486;
425;631;-138;674;-112;587;-163;-0.534071;
426;633;-139;676;-113;589;-164;-0.534071;
427;634;-139;675;-110;592;-167;-0.596902;
428;634;-139;674;-109;593;-168;-0.628318;
429;636;-140;674;-108;597;-171;-0.691150;
430;638;-142;678;-112;597;-171;-0.628318;
431;639;-142;679;-112;598;-171;-0.628318;
432;641;-143;680;-112;601;-173;-0.659734;
433;642;-143;682;-113;601;-172;-0.628318;
434;644;-144;682;-112;605;-175;-0.691150;
435;646;-146;684;-114;607;-177;-0.691150;
436;647;-147;684;-113;609;-180;-0.722566;
437;649;-149;686;-115;611;-182;-0.722566;
438;650;-150;689;-119;610;-180;-0.659734;
439;650;-150;688;-118;611;-181;-0.691150;
440;652;-152;688;-117;615;-186;-0.753982;
441;654;-154;691;-120;616;-187;-0.722566;
442;655;-155;693;-123;616;-186;-0.691150;
443;658;-158;696;-126;619;-189;-0.691150;
444;660;-160;700;-130;619;-189;-0.628318;
445;661;-160;701;-130;620;-189;-0.628318;
446;662;-160;705;-134;618;-185;-0.534071;
447;662;-160;704;-133;619;-186;-0.565486;
448;664;-161;704;-131;623;-190;-0.628318;
449;664;-161;703;-130;624;-191;-0.659734;
450;666;-162;704;-130;627;-193;-0.691150;
451;667;-163;706;-132;627;-193;-0.659734;
452;668;-163;708;-133;627;-192;-0.628318;
453;669;-163;708;-132;629;-193;-0.659734;
454;670;-163;711;-134;628;-191;-0.596902;
455;671;-163;714;-137;627;-188;-0.534071;
456;672;-163;715;-138;628;-187;-0.502655;
457;673;-163;718;-141;627;-184;-0.439823;
458;674;-163;721;-146;626;-179;-0.345575;
459;675;-163;721;-144;628;-181;-0.376991;
460;677;-164;722;-142;631;-185;-0.439823;
461;679;-165;724;-145;633;-184;-0.408407;
462;680;-165;725;-143;634;-186;-0.439823;
463;681;-165;726;-143;635;-186;-0.439823;
464;681;-165;725;-142;636;-187;-0.471239;
465;683;-166;726;-141;639;-190;-0.502655;
466;684;-166;729;-144;638;-187;-0.439823;
467;685;-166;730;-144;639;-187;-0.439823;
468;687;-167;731;-144;642;-189;-0.471239;
469;688;-167;733;-145;642;-188;-0.439823;
470;690;-168;733;-143;646;-192;-0.502655;
471;691;-168;734;-142;647;-193;-0.534071;
472;692;-168;734;-141;649;-194;-0.565486;
473;693;-168;735;-141;650;-194;-0.565486;
474;695;-169;738;-144;651;-193;-0.502655;
475;695;-169;738;-143;651;-194;-0.534070;
476;699;-171;742;-145;655;-196;-0.534070;
477;700;-171;743;-145;656;-196;-0.534070;
478;701;-171;742;-142;659;-199;-0.596902;
479;702;-171;743;-142;660;-199;-0.596902;
480;703;-171;741;-139;664;-202;-0.691150;
481;705;-173;742;-139;667;-206;-0.722566;
482;706;-174;742;-139;669;-208;-0.753982;
483;707;-175;742;-139;671;-210;-0.785398;
484;708;-176;744;-141;671;-210;-0.753982;
485;709;-177;746;-143;671;-210;-0.722566;
486;710;-178;747;-144;672;-211;-0.722566;
487;712;-180;751;-149;672;-210;-0.659734;
488;714;-181;755;-152;672;-209;-0.596902;
489;714;-181;756;-154;671;-207;-0.565486;
490;716;-182;759;-156;672;-207;-0.534070;
491;717;-182;759;-155;674;-208;-0.565486;
492;720;-184;762;-157;677;-210;-0.565486;
493;721;-184;764;-159;677;-208;-0.502655;
494;723;-185;766;-159;679;-210;-0.534070;
495;725;-186;768;-160;681;-211;-0.534070;
496;729;-188;772;-162;685;-213;-0.534070;
497;730;-188;773;-163;686;-212;-0.502655;
498;731;-188;774;-163;687;-212;-0.502655;
499;732;-188;777;-166;686;-209;-0.439823;
500;733;-188;779;-169;686;-206;-0.376991;
501;734;-188;779;-168;688;-207;-0.408407;
502;736;-189;781;-169;690;-208;-0.408407;
503;738;-190;784;-171;691;-208;-0.376991;
504;739;-190;786;-173;691;-206;-0.345575;
505;743;-191;790;-174;695;-207;-0.345575;
506;743;-191;789;-172;696;-209;-0.376991;
507;745;-192;792;-175;697;-208;-0.345575;
508;746;-192;793;-176;698;-207;-0.314159;
509;747;-192;795;-178;698;-205;-0.282743;
510;748;-192;796;-179;699;-204;-0.251327;
511;751;-192;800;-182;701;-201;-0.188496;
512;752;-192;801;-185;702;-198;-0.125664;
513;755;-192;804;-182;705;-201;-0.188496;
514;758;-192;806;-179;709;-204;-0.251327;
515;759;-192;807;-181;710;-202;-0.219911;
516;760;-192;808;-178;711;-205;-0.282743;
517;761;-192;807;-173;714;-210;-0.376991;
518;762;-192;809;-175;714;-208;-0.345575;
519;763;-192;810;-175;715;-208;-0.345575;
520;764;-192;811;-176;716;-207;-0.314159;
521;765;-192;813;-179;716;-204;-0.251327;
522;768;-192;816;-179;719;-204;-0.251327;
523;769;-192;817;-181;720;-202;-0.219911;
524;772;-192;820;-181;723;-202;-0.219911;
525;772;-192;821;-182;722;-201;-0.188496;
526;776;-192;825;-182;726;-201;-0.188496;
527;780;-192;829;-182;730;-201;-0.188496;
528;780;-192;828;-181;731;-202;-0.219911;
529;784;-193;832;-182;735;-203;-0.219911;
530;785;-193;833;-180;736;-205;-0.251327;
531;786;-193;834;-179;737;-206;-0.282743;
532;787;-193;834;-177;739;-208;-0.314159;
533;789;-193;836;-176;741;-209;-0.345575;
534;790;-193;838;-180;741;-205;-0.251327;
535;793;-193;841;-179;744;-206;-0.282743;
536;796;-193;844;-179;747;-206;-0.282743;
537;799;-193;847;-182;750;-203;-0.219911;
538;802;-193;850;-179;753;-206;-0.282743;
539;803;-193;850;-176;755;-209;-0.345575;
540;805;-194;852;-178;757;-209;-0.314159;
541;806;-194;852;-175;759;-212;-0.376991;
542;807;-194;855;-180;758;-207;-0.282743;
543;808;-194;856;-181;759;-206;-0.251327;
544;809;-194;857;-183;760;-204;-0.219911;
545;812;-194;860;-180;763;-207;-0.282743;
546;816;-195;864;-181;767;-208;-0.282743;
547;819;-195;867;-181;770;-208;-0.282743;
548;820;-195;868;-182;771;-207;-0.251327;
549;823;-195;871;-182;774;-207;-0.251327;
550;824;-195;872;-184;775;-205;-0.219911;
551;825;-195;874;-185;775;-204;-0.188496;
552;829;-195;878;-185;779;-204;-0.188496;
553;832;-195;881;-187;782;-202;-0.157080;
554;833;-195;882;-191;783;-198;-0.062832;
555;836;-195;885;-191;786;-198;-0.062832;
556;839;-195;888;-193;789;-196;-0.031416;
557;842;-195;891;-191;792;-198;-0.062832;
558;845;-195;894;-188;795;-201;-0.125664;
559;848;-195;897;-185;798;-204;-0.188496;
560;851;-195;899;-182;802;-207;-0.251327;
561;854;-195;903;-185;804;-204;-0.188496;
562;857;-195;906;-187;807;-202;-0.157080;
563;860;-195;909;-187;810;-202;-0.157080;
564;860;-195;909;-185;810;-204;-0.188496;
565;860;-195;909;-187;810;-202;-0.157080;
566;861;-195;910;-187;811;-202;-0.157080;
567;864;-195;913;-187;814;-202;-0.157080;
568;865;-195;914;-185;815;-204;-0.188496;
569;866;-195;914;-182;817;-207;-0.251327;
570;867;-195;915;-184;818;-205;-0.219911;
571;870;-195;918;-184;821;-205;-0.219911;
572;871;-195;920;-188;821;-201;-0.125664;
573;872;-195;921;-190;822;-199;-0.094248;
574;873;-195;922;-188;823;-201;-0.125664;
575;876;-195;925;-185;826;-204;-0.188496;
576;879;-195;928;-188;829;-201;-0.125664;
577;880;-195;929;-190;830;-199;-0.094248;
578;883;-195;932;-187;833;-202;-0.157080;
579;884;-195;932;-184;835;-205;-0.219911;
580;887;-195;935;-182;838;-207;-0.251327;
581;890;-195;938;-182;841;-207;-0.251327;
582;891;-195;939;-182;842;-207;-0.251327;
583;894;-195;942;-182;845;-207;-0.251327;
584;897;-195;945;-182;848;-207;-0.251327;
585;898;-195;946;-181;849;-208;-0.282743;
586;901;-195;949;-181;852;-208;-0.282743;
587;902;-195;950;-182;853;-207;-0.251327;
588;903;-195;951;-181;854;-208;-0.282743;
589;906;-195;953;-179;858;-210;-0.314159;
590;906;-195;953;-178;858;-211;-0.345575;
591;908;-196;954;-177;861;-214;-0.376991;
592;912;-197;959;-180;864;-213;-0.345575;
593;913;-197;961;-183;864;-210;-0.282743;
594;916;-197;964;-183;867;-210;-0.282743;
595;917;-197;965;-184;868;-209;-0.251327;
596;918;-197;965;-181;870;-212;-0.314159;
597;920;-197;967;-181;872;-212;-0.314159;
598;922;-197;970;-184;873;-209;-0.251327;
599;922;-197;970;-184;873;-209;-0.251327;
600;925;-197;973;-186;876;-207;-0.219912;
601;926;-197;975;-189;876;-204;-0.157080;
602;929;-197;978;-189;879;-204;-0.157080;
603;930;-197;979;-192;880;-201;-0.094248;
604;930;-197;979;-190;880;-203;-0.125664;
605;931;-197;980;-189;881;-204;-0.157080;
606;934;-197;983;-189;884;-204;-0.157080;
607;937;-197;986;-187;887;-206;-0.188496;
608;940;-197;989;-190;890;-203;-0.125664;
609;943;-197;992;-187;893;-206;-0.188496;
610;944;-197;993;-190;894;-203;-0.125664;
611;945;-197;994;-189;895;-204;-0.157080;
612;946;-197;995;-192;896;-201;-0.094248;
613;950;-197;999;-189;900;-204;-0.157080;
614;951;-197;999;-186;902;-207;-0.219911;
615;954;-197;1003;-187;904;-206;-0.188496;
616;957;-197;1005;-183;908;-210;-0.282743;
617;958;-197;1007;-187;908;-206;-0.188496;
618;961;-197;1010;-187;911;-206;-0.188496;
619;961;-197;1010;-187;911;-206;-0.188496;
620;962;-197;1010;-186;913;-207;-0.219911;
621;965;-197;1013;-186;916;-207;-0.219911;
622;966;-197;1014;-184;917;-209;-0.251327;
623;969;-197;1017;-184;920;-209;-0.251327;
624;972;-197;1019;-180;924;-213;-0.345575;
625;973;-197;1019;-178;926;-215;-0.376991;
626;975;-198;1020;-176;929;-219;-0.439823;
627;977;-199;1023;-180;930;-217;-0.376991;
628;977;-199;1023;-180;930;-217;-0.376991;
629;981;-200;1027;-181;934;-218;-0.376991;
630;982;-200;1029;-184;934;-215;-0.314159;
631;983;-200;1030;-183;935;-216;-0.345575;
632;984;-200;1030;-181;937;-218;-0.376991;
633;986;-201;1031;-179;940;-222;-0.439823;
634;988;-202;1031;-177;944;-226;-0.502655;
635;989;-202;1032;-176;945;-227;-0.534070;
636;989;-202;1032;-177;945;-226;-0.502655;
637;990;-202;1034;-179;945;-224;-0.471239;
638;992;-203;1037;-183;946;-222;-0.408407;
639;993;-203;1039;-184;946;-221;-0.376991;
640;994;-203;1041;-186;946;-219;-0.345575;
641;994;-203;1040;-184;947;-221;-0.376991;
642;996;-204;1041;-182;950;-225;-0.439823;
643;997;-204;1040;-179;953;-228;-0.502655;
644;999;-205;1042;-179;955;-230;-0.534070;
645;1000;-205;1043;-179;956;-230;-0.534070;
646;1001;-205;1046;-183;955;-226;-0.439823;
647;1002;-205;1048;-186;955;-223;-0.376991;
648;1004;-206;1050;-187;957;-224;-0.376991;
649;1006;-207;1051;-185;960;-228;-0.439823;
650;1010;-209;1055;-187;964;-230;-0.439823;
651;1012;-210;1057;-190;966;-229;-0.408407;
652;1014;-211;1061;-194;966;-227;-0.345575;
653;1015;-211;1063;-197;966;-224;-0.282743;
654;1018;-211;1066;-198;969;-223;-0.251327;
655;1019;-211;1067;-197;970;-224;-0.282743;
656;1022;-211;1070;-198;973;-223;-0.251327;
657;1023;-211;1071;-197;974;-224;-0.282743;
658;1023;-211;1070;-195;975;-226;-0.314159;
659;1024;-211;1071;-194;976;-227;-0.345575;
660;1026;-212;1071;-192;980;-231;-0.408407;
661;1030;-213;1075;-193;984;-232;-0.408407;
662;1032;-214;1076;-191;987;-236;-0.471239;
663;1034;-215;1077;-189;990;-240;-0.534070;
664;1036;-216;1079;-190;992;-241;-0.534070;
665;1037;-216;1079;-189;994;-242;-0.565486;
666;1038;-216;1081;-191;994;-240;-0.502655;
667;1039;-216;1082;-191;995;-240;-0.502655;
668;1040;-216;1085;-194;994;-237;-0.439823;
669;1042;-217;1085;-192;998;-241;-0.502655;
670;1044;-218;1087;-192;1000;-243;-0.534070;
671;1044;-218;1087;-193;1000;-242;-0.502655;
672;1044;-218;1087;-192;1000;-243;-0.534070;
673;1045;-218;1089;-195;1000;-240;-0.471239;
674;1045;-218;1090;-196;999;-239;-0.439823;
675;1046;-218;1093;-201;998;-234;-0.345575;
676;1047;-218;1093;-199;1000;-236;-0.376991;
677;1048;-218;1093;-198;1002;-237;-0.408407;
678;1050;-219;1096;-200;1003;-237;-0.376991;
679;1051;-219;1099;-205;1002;-232;-0.282743;
680;1051;-219;1099;-206;1002;-231;-0.251327;
681;1052;-219;1101;-209;1002;-228;-0.188496;
682;1052;-219;1101;-209;1002;-228;-0.188496;
683;1052;-219;1101;-211;1002;-226;-0.157080;
684;1053;-219;1101;-206;1004;-231;-0.251327;
685;1054;-219;1102;-208;1005;-229;-0.219911;
686;1057;-219;1106;-209;1007;-228;-0.188496;
687;1060;-219;1108;-208;1011;-229;-0.219911;
688;1061;-219;1109;-206;1012;-231;-0.251327;
689;1064;-219;1112;-205;1015;-232;-0.282743;
690;1064;-219;1111;-203;1016;-234;-0.314159;
691;1065;-219;1112;-203;1017;-234;-0.314159;
692;1066;-219;1113;-202;1018;-235;-0.345575;
693;1068;-220;1114;-201;1021;-238;-0.376991;
694;1069;-220;1114;-198;1023;-241;-0.439823;
695;1073;-222;1118;-200;1027;-243;-0.439823;
696;1074;-222;1119;-202;1028;-241;-0.408407;
697;1074;-222;1120;-203;1027;-240;-0.376991;
698;1075;-222;1122;-205;1027;-238;-0.345575;
699;1076;-222;1121;-200;1030;-243;-0.439823;
700;1078;-223;1121;-198;1034;-247;-0.502655;
701;1079;-223;1122;-198;1035;-247;-0.502655;
702;1081;-224;1124;-199;1037;-248;-0.502655;
703;1082;-224;1126;-201;1037;-246;-0.471239;
704;1083;-224;1127;-201;1038;-246;-0.471239;
705;1083;-224;1128;-202;1037;-245;-0.439823;
706;1084;-224;1129;-204;1038;-243;-0.408407;
707;1086;-225;1133;-208;1038;-241;-0.345575;
708;1088;-226;1135;-209;1040;-242;-0.345575;
709;1088;-226;1135;-210;1040;-241;-0.314159;
710;1089;-226;1136;-210;1041;-241;-0.314159;
711;1093;-227;1140;-211;1045;-242;-0.314159;
712;1095;-227;1142;-211;1047;-242;-0.314159;
713;1096;-227;1143;-211;1048;-242;-0.314159;
714;1098;-227;1145;-211;1050;-242;-0.314159;
715;1100;-227;1148;-213;1051;-240;-0.282743;
716;1103;-227;1151;-214;1054;-239;-0.251327;
717;1104;-227;1152;-216;1055;-237;-0.219911;
718;1105;-227;1153;-213;1056;-240;-0.282743;
719;1108;-227;1156;-216;1059;-237;-0.219911;
720;1109;-227;1158;-217;1059;-236;-0.188496;
721;1113;-227;1162;-217;1063;-236;-0.188496;
722;1114;-227;1162;-213;1065;-240;-0.282743;
723;1117;-227;1164;-211;1069;-242;-0.314159;
724;1119;-227;1166;-210;1071;-243;-0.345575;
725;1120;-227;1168;-213;1071;-240;-0.282743;
726;1120;-227;1168;-214;1071;-239;-0.251327;
727;1120;-227;1168;-216;1071;-237;-0.219911;
728;1123;-227;1171;-216;1074;-237;-0.219911;
729;1126;-227;1175;-219;1076;-234;-0.157080;
730;1129;-227;1178;-219;1079;-234;-0.157080;
731;1130;-227;1179;-217;1080;-236;-0.188496;
732;1130;-227;1179;-219;1080;-234;-0.157080;
733;1131;-227;1180;-217;1081;-236;-0.188496;
734;1134;-227;1183;-217;1084;-236;-0.188496;
735;1137;-227;1186;-219;1087;-234;-0.157080;
736;1138;-227;1187;-223;1088;-230;-0.062832;
737;1141;-227;1190;-220;1091;-233;-0.125664;
738;1142;-227;1191;-219;1092;-234;-0.157080;
739;1145;-227;1194;-220;1095;-233;-0.125664;
740;1146;-227;1195;-219;1096;-234;-0.157080;
741;1149;-227;1198;-219;1099;-234;-0.157080;
742;1150;-227;1199;-219;1100;-234;-0.157080;
743;1153;-227;1202;-217;1103;-236;-0.188496;
744;1154;-227;1202;-216;1105;-237;-0.219911;
745;1155;-227;1203;-213;1106;-240;-0.282743;
746;1156;-227;1204;-214;1107;-239;-0.251327;
747;1157;-227;1206;-217;1107;-236;-0.188496;
748;1160;-227;1208;-216;1111;-237;-0.219911;
749;1164;-228;1212;-217;1115;-238;-0.219911;
750;1165;-228;1214;-218;1115;-237;-0.188496;
751;1168;-228;1217;-220;1118;-235;-0.157080;
752;1171;-228;1219;-217;1122;-238;-0.219911;
753;1171;-228;1219;-215;1122;-240;-0.251327;
754;1174;-228;1221;-212;1126;-243;-0.314159;
755;1175;-228;1222;-211;1127;-244;-0.345575;
756;1175;-228;1222;-211;1127;-244;-0.345575;
757;1176;-228;1222;-209;1129;-246;-0.376991;
758;1177;-228;1224;-211;1129;-244;-0.345575;
759;1179;-229;1226;-212;1131;-245;-0.345575;
760;1180;-229;1225;-207;1134;-250;-0.439823;
761;1184;-231;1229;-209;1138;-252;-0.439823;
762;1185;-231;1230;-211;1139;-250;-0.408407;
763;1187;-232;1231;-209;1142;-254;-0.471239;
764;1189;-233;1233;-210;1144;-255;-0.471239;
765;1191;-234;1236;-212;1145;-255;-0.439823;
766;1193;-235;1237;-212;1148;-257;-0.471239;
767;1195;-236;1239;-213;1150;-258;-0.471239;
768;1197;-237;1241;-214;1152;-259;-0.471239;
769;1198;-237;1244;-218;1151;-255;-0.376991;
770;1199;-237;1246;-220;1151;-253;-0.345575;
771;1200;-237;1247;-221;1152;-252;-0.314159;
772;1202;-237;1250;-224;1153;-249;-0.251327;
773;1203;-237;1251;-226;1154;-247;-0.219911;
774;1206;-237;1254;-224;1157;-249;-0.251327;
775;1206;-237;1254;-226;1157;-247;-0.219911;
776;1206;-237;1255;-227;1156;-246;-0.188495;
777;1207;-237;1255;-224;1158;-249;-0.251327;
778;1210;-237;1258;-224;1161;-249;-0.251327;
779;1210;-237;1258;-223;1161;-250;-0.282743;
780;1210;-237;1258;-223;1161;-250;-0.282743;
781;1211;-237;1259;-223;1162;-250;-0.282743;
782;1212;-237;1259;-220;1164;-253;-0.345575;
783;1216;-238;1263;-221;1168;-254;-0.345575;
784;1218;-239;1263;-219;1172;-258;-0.408407;
785;1218;-239;1263;-217;1172;-260;-0.439823;
786;1220;-240;1264;-217;1175;-262;-0.471239;
787;1222;-241;1267;-221;1176;-260;-0.408407;
788;1223;-241;1268;-219;1177;-262;-0.439823;
789;1223;-241;1267;-218;1178;-263;-0.471239;
790;1224;-241;1268;-218;1179;-263;-0.471239;
791;1225;-241;1268;-216;1181;-265;-0.502654;
792;1227;-242;1270;-217;1183;-266;-0.502654;
793;1228;-242;1272;-219;1183;-264;-0.471239;
794;1229;-242;1272;-216;1185;-267;-0.534070;
795;1231;-243;1274;-218;1187;-267;-0.502654;
796;1232;-243;1273;-214;1190;-271;-0.596902;
797;1233;-243;1274;-214;1191;-271;-0.596902;
798;1234;-243;1277;-218;1190;-267;-0.502654;
799;1235;-243;1278;-218;1191;-267;-0.502654;
800;1236;-243;1279;-217;1192;-268;-0.534070;
801;1238;-244;1279;-215;1196;-272;-0.596902;
802;1239;-244;1282;-218;1195;-269;-0.534070;
803;1241;-245;1284;-219;1197;-270;-0.534070;
804;1243;-246;1286;-221;1199;-270;-0.502654;
805;1245;-247;1290;-225;1199;-268;-0.439823;
806;1245;-247;1290;-227;1199;-266;-0.408407;
807;1247;-248;1291;-225;1202;-270;-0.471239;
808;1248;-248;1293;-228;1202;-267;-0.408407;
809;1248;-248;1294;-229;1201;-266;-0.376991;
810;1249;-248;1295;-229;1202;-266;-0.376991;
811;1249;-248;1294;-228;1203;-267;-0.408407;
812;1250;-248;1295;-228;1204;-267;-0.408407;
813;1252;-249;1296;-226;1207;-271;-0.471239;
814;1254;-250;1297;-224;1210;-275;-0.534070;
815;1255;-250;1299;-227;1210;-272;-0.471239;
816;1256;-250;1299;-225;1212;-274;-0.502654;
817;1258;-251;1302;-228;1213;-273;-0.471239;
818;1259;-251;1301;-224;1216;-277;-0.565486;
819;1260;-251;1299;-220;1220;-281;-0.659734;
820;1262;-252;1303;-223;1220;-280;-0.596902;
821;1264;-253;1307;-227;1220;-278;-0.534070;
822;1264;-253;1307;-228;1220;-277;-0.502654;
823;1265;-253;1308;-228;1221;-277;-0.502654;
824;1267;-254;1310;-228;1223;-279;-0.534070;
825;1268;-254;1313;-232;1222;-275;-0.439823;
826;1270;-255;1313;-230;1226;-279;-0.502654;
827;1271;-255;1316;-233;1225;-276;-0.439823;
828;1272;-255;1315;-229;1228;-280;-0.534070;
829;1274;-256;1315;-227;1232;-284;-0.596902;
830;1276;-257;1318;-230;1233;-283;-0.565486;
831;1278;-258;1321;-232;1234;-283;-0.534070;
832;1279;-258;1322;-233;1235;-282;-0.502654;
833;1281;-259;1324;-233;1237;-284;-0.534070;
834;1283;-260;1326;-234;1239;-285;-0.534070;
835;1284;-260;1325;-231;1242;-288;-0.596902;
836;1286;-261;1325;-230;1246;-291;-0.659734;
837;1288;-262;1326;-230;1249;-293;-0.691150;
838;1289;-263;1326;-229;1251;-296;-0.722566;
839;1290;-264;1326;-229;1253;-298;-0.753982;
840;1291;-265;1328;-231;1253;-298;-0.722566;
841;1293;-267;1331;-235;1254;-298;-0.691150;
842;1295;-269;1332;-235;1257;-302;-0.722566;
843;1296;-270;1333;-236;1258;-303;-0.722566;
844;1297;-271;1336;-240;1257;-301;-0.659734;
845;1298;-271;1335;-237;1260;-304;-0.722566;
846;1300;-273;1337;-239;1262;-306;-0.722566;
847;1301;-274;1340;-243;1261;-304;-0.659734;
848;1301;-274;1340;-243;1261;-304;-0.659734;
849;1302;-274;1340;-242;1263;-305;-0.691150;
850;1302;-274;1339;-240;1264;-307;-0.722566;
851;1303;-275;1340;-241;1265;-308;-0.722566;
852;1304;-276;1341;-242;1266;-309;-0.722566;
853;1305;-277;1341;-242;1268;-311;-0.753982;
854;1306;-278;1341;-242;1270;-313;-0.785397;
855;1308;-280;1345;-246;1270;-313;-0.722566;
856;1309;-281;1345;-246;1272;-315;-0.753982;
857;1309;-281;1344;-245;1273;-316;-0.785397;
858;1310;-282;1347;-248;1272;-315;-0.722566;
859;1311;-283;1348;-249;1273;-316;-0.722566;
860;1313;-285;1348;-249;1277;-320;-0.785397;
861;1315;-287;1349;-250;1280;-323;-0.816813;
862;1317;-289;1348;-250;1285;-327;-0.879645;
863;1319;-291;1348;-250;1289;-331;-0.942477;
864;1319;-292;1347;-250;1290;-333;-0.973893;
865;1319;-293;1347;-251;1290;-334;-0.973893;
866;1319;-294;1350;-255;1287;-332;-0.879645;
867;1321;-296;1354;-258;1287;-333;-0.848229;
868;1321;-296;1355;-259;1286;-332;-0.816813;
869;1322;-297;1357;-261;1286;-332;-0.785397;
870;1322;-297;1357;-261;1286;-332;-0.785397;
871;1323;-298;1357;-261;1288;-334;-0.816813;
872;1324;-299;1358;-262;1289;-335;-0.816813;
873;1326;-301;1360;-264;1291;-337;-0.816813;
874;1328;-303;1361;-265;1294;-340;-0.848229;
875;1330;-305;1363;-267;1296;-342;-0.848229;
876;1331;-306;1366;-270;1295;-341;-0.785397;
877;1333;-308;1368;-272;1297;-343;-0.785397;
878;1336;-311;1369;-273;1302;-348;-0.848229;
879;1337;-312;1368;-273;1305;-350;-0.879645;
880;1338;-313;1371;-275;1304;-350;-0.848229;
881;1339;-314;1370;-275;1307;-352;-0.879645;
882;1339;-314;1372;-276;1305;-351;-0.848229;
883;1339;-314;1372;-276;1305;-351;-0.848229;
884;1341;-316;1372;-277;1309;-354;-0.879645;
885;1342;-317;1372;-277;1311;-356;-0.911061;
886;1342;-318;1368;-275;1315;-360;-1.005309;
887;1342;-318;1367;-274;1316;-361;-1.036725;
888;1343;-320;1368;-276;1317;-363;-1.036725;
889;1343;-321;1368;-277;1317;-364;-1.036725;
890;1343;-321;1369;-278;1316;-363;-1.005309;
891;1343;-322;1369;-279;1316;-364;-1.005309;
892;1344;-324;1368;-280;1319;-367;-1.068140;
893;1344;-325;1365;-279;1322;-370;-1.130972;
894;1345;-327;1367;-282;1322;-371;-1.099556;
895;1345;-328;1369;-284;1320;-371;-1.068140;
896;1345;-329;1371;-286;1318;-371;-1.005309;
897;1345;-330;1370;-286;1319;-373;-1.036724;
898;1345;-331;1370;-287;1319;-374;-1.036724;
899;1346;-333;1370;-289;1321;-376;-1.068140;
900;1346;-334;1371;-290;1320;-377;-1.036724;
901;1347;-336;1371;-292;1322;-379;-1.068140;
902;1347;-337;1366;-291;1327;-382;-1.162388;
903;1348;-339;1366;-292;1329;-385;-1.193804;
904;1348;-339;1367;-293;1328;-384;-1.162388;
905;1349;-341;1365;-293;1332;-388;-1.225220;
906;1349;-342;1364;-294;1333;-389;-1.256636;
907;1349;-343;1365;-295;1332;-390;-1.225220;
908;1349;-344;1364;-296;1333;-391;-1.256636;
909;1349;-346;1362;-297;1335;-394;-1.288052;
910;1349;-346;1364;-298;1333;-393;-1.256636;
911;1349;-347;1362;-298;1335;-395;-1.288052;
912;1349;-348;1362;-299;1335;-396;-1.288052;
913;1349;-349;1359;-300;1338;-397;-1.350883;
914;1349;-352;1356;-302;1341;-401;-1.413715;
915;1349;-355;1355;-305;1342;-404;-1.445131;
916;1349;-356;1355;-306;1342;-405;-1.445131;
917;1349;-356;1353;-306;1344;-405;-1.476547;
918;1349;-359;1352;-309;1345;-408;-1.507963;
919;1349;-360;1353;-310;1344;-409;-1.476547;
920;1349;-360;1353;-310;1344;-409;-1.476547;
921;1349;-361;1353;-311;1344;-410;-1.476547;
922;1349;-361;1352;-311;1345;-410;-1.507963;
923;1349;-362;1352;-312;1345;-411;-1.507963;
924;1349;-363;1353;-313;1344;-412;-1.476547;
925;1349;-367;1353;-317;1344;-416;-1.476547;
926;1349;-370;1355;-320;1342;-419;-1.445131;
927;1349;-370;1356;-320;1341;-419;-1.413715;
928;1349;-373;1355;-323;1342;-422;-1.445131;
929;1349;-374;1355;-324;1342;-423;-1.445131;
930;1349;-377;1358;-327;1339;-426;-1.382299;
931;1349;-377;1359;-328;1338;-425;-1.350883;
932;1349;-380;1359;-331;1338;-428;-1.350883;
933;1349;-381;1361;-332;1336;-429;-1.319468;
934;1349;-382;1362;-333;1335;-430;-1.288052;
935;1349;-383;1367;-336;1330;-429;-1.193804;
936;1350;-385;1368;-338;1331;-431;-1.193804;
937;1350;-386;1366;-338;1333;-433;-1.225220;
938;1350;-387;1363;-338;1336;-435;-1.288052;
939;1350;-387;1363;-338;1336;-435;-1.288052;
940;1350;-390;1360;-341;1339;-438;-1.350883;
941;1350;-391;1362;-342;1337;-439;-1.319467;
942;1350;-391;1360;-342;1339;-439;-1.350883;
943;1350;-394;1360;-345;1339;-442;-1.350883;
944;1350;-395;1360;-346;1339;-443;-1.350883;
945;1350;-396;1360;-347;1339;-444;-1.350883;
946;1350;-397;1359;-347;1340;-446;-1.382299;
947;1350;-400;1359;-350;1340;-449;-1.382299;
948;1350;-401;1359;-351;1340;-450;-1.382299;
949;1350;-402;1357;-352;1342;-451;-1.413715;
950;1350;-403;1359;-353;1340;-452;-1.382299;
951;1350;-406;1359;-356;1340;-455;-1.382299;
952;1350;-407;1357;-357;1342;-456;-1.413715;
953;1350;-408;1360;-359;1339;-456;-1.350883;
954;1350;-409;1357;-359;1342;-458;-1.413715;
955;1350;-412;1357;-362;1342;-461;-1.413715;
956;1350;-415;1357;-365;1342;-464;-1.413715;
957;1350;-419;1359;-369;1340;-468;-1.382299;
958;1350;-420;1354;-370;1345;-469;-1.476547;
959;1350;-423;1356;-373;1343;-472;-1.445131;
960;1350;-426;1353;-376;1346;-475;-1.507963;
961;1350;-426;1353;-376;1346;-475;-1.507963;
962;1350;-429;1350;-379;1349;-478;-1.570795;
963;1350;-429;1351;-379;1348;-478;-1.539379;
964;1350;-430;1350;-380;1349;-479;-1.570795;
965;1350;-433;1350;-383;1349;-482;-1.570795;
966;1350;-436;1348;-386;1351;-485;-1.602211;
967;1349;-437;1347;-387;1350;-486;-1.602211;
968;1349;-437;1347;-387;1350;-486;-1.602211;
969;1348;-438;1351;-388;1344;-487;-1.507963;
970;1348;-441;1348;-391;1347;-490;-1.570795;
971;1348;-442;1351;-392;1344;-491;-1.507963;
972;1348;-445;1349;-395;1346;-494;-1.539379;
973;1348;-445;1349;-395;1346;-494;-1.539379;
974;1348;-449;1349;-399;1346;-498;-1.539379;
975;1348;-452;1351;-402;1344;-501;-1.507963;
976;1348;-453;1349;-403;1346;-502;-1.539379;
977;1348;-456;1349;-406;1346;-505;-1.539379;
978;1348;-457;1349;-407;1346;-506;-1.539379;
979;1348;-461;1349;-411;1346;-510;-1.539379;
980;1348;-462;1349;-412;1346;-511;-1.539379;
981;1348;-463;1348;-413;1347;-512;-1.570795;
982;1348;-464;1351;-414;1344;-513;-1.507963;
983;1348;-465;1351;-415;1344;-514;-1.507963;
984;1348;-468;1351;-418;1344;-517;-1.507963;
985;1348;-471;1352;-421;1343;-520;-1.476547;
986;1348;-472;1354;-422;1341;-521;-1.445131;
987;1348;-472;1352;-422;1343;-521;-1.476547;
988;1348;-473;1357;-423;1338;-522;-1.382299;
989;1348;-476;1357;-426;1338;-525;-1.382299;
990;1348;-477;1357;-427;1338;-526;-1.382299;
991;1348;-480;1354;-430;1341;-529;-1.445131;
992;1348;-481;1357;-431;1338;-530;-1.382299;
993;1348;-482;1360;-433;1335;-530;-1.319468;
994;1348;-483;1358;-434;1337;-531;-1.350883;
995;1348;-484;1357;-434;1338;-533;-1.382299;
996;1348;-485;1355;-435;1340;-534;-1.413715;
997;1348;-486;1354;-436;1341;-535;-1.445131;
998;1348;-489;1352;-439;1343;-538;-1.476547;
999;1348;-490;1354;-440;1341;-539;-1.445131;
